Time;RealGDP;IP;Energy;Quality;RealPE;CDD;HDD;Population
1992-1;9066.388563;63.8916;7.072885994;1;3.572559724;66.03826302;335.5306552;255331
1992-2;9112.924481;64.3381;7.066415938;1.00202371;3.379919108;69.41735031;255.4345283;255576
1992-3;9189.205205;64.902;7.089127275;0.994123756;3.364543441;71.59255483;384.2442307;255848
1992-4;9196.017246;65.3746;7.192703671;0.988267617;3.352888832;79.63003737;373.8771888;256139
1992-5;9163.348052;65.5902;7.120943566;0.988246257;3.417757682;100.7365097;390.3487455;256437
1992-6;9310.912145;65.6132;7.087635184;0.994194455;3.619507363;84.53743101;406.9567548;256742
1992-7;9318.619717;66.1891;7.110574786;0.996074345;3.699749669;72.05951296;401.6615912;257063
1992-8;9299.682945;65.8651;6.940984072;1.004426759;3.721092828;86.58450971;405.1597974;257390
1992-9;9321.021653;66.0268;7.155885074;0.994521137;3.722582828;77.00462341;392.9756602;257704
1992-10;9376.473195;66.511;7.209955764;1.001359082;3.879613916;75.55348691;408.970023;258004
1992-11;9392.598835;66.8027;7.215862718;0.999138606;3.735730792;65.73469926;408.6756937;258280
1992-12;9450.024398;66.8587;7.350969379;1.00007312;3.613703015;66.71291537;419.3046821;258546
1993-1;9416.816492;67.1432;6.994443139;0.997819535;3.623970521;65.08325701;344.1306748;258799
1993-2;9433.610243;67.4314;7.22905019;0.991063706;3.630747379;64.67346156;442.8513808;259036
1993-3;9421.230828;67.3651;7.522476976;0.98732858;3.617270545;69.05933951;441.6853294;259283
1993-4;9445.19635;67.5583;7.265620391;0.996317513;3.582903994;68.85466497;399.0926009;259547
1993-5;9490.992787;67.3459;7.032951098;1.007737635;3.570815505;71.91300698;365.8088072;259822
1993-6;9503.573804;67.4753;7.207067651;0.997208673;3.432256108;83.72475962;399.6613355;260109
1993-7;9472.971769;67.6707;7.261185117;0.997100349;3.404509043;9.314696716;396.8197205;260411
1993-8;9514.373585;67.5985;7.242183558;0.992180931;3.325643995;11.97308246;387.8862541;260717
1993-9;9591.109797;67.9241;7.297521451;0.995022665;3.318765523;52.0653777;406.0524269;261015
1993-10;9574.402104;68.439;7.308961517;0.989925043;3.294937379;68.4003068;411.2437867;261294
1993-11;9675.394956;68.7289;7.413742403;0.987941622;3.18241552;62.64462692;421.3622767;261550
1993-12;9710.16619;69.0884;7.339183664;0.988689445;3.033282465;66.03670207;417.2208648;261796
1994-1;9712.732807;69.3476;7.595967899;0.98211574;3.018891299;66.16877167;509.4455455;262021
1994-2;9757.590242;69.3617;7.543751108;0.985951176;3.060166487;66.94670931;435.7136125;262237
1994-3;9773.578093;70.0831;7.387303172;0.989397868;3.05022685;67.14516994;372.5982589;262491
1994-4;9811.357371;70.4425;7.347008772;0.993851541;3.104936184;65.35227502;319.024322;262754
1994-5;9936.133612;70.824;7.276160209;0.993581801;3.194001394;58.37636933;405.0884307;263014
1994-6;9896.155248;71.2811;7.537238264;0.983944446;3.277212598;107.5003094;380.9277379;263294
1994-7;9911.367729;71.3953;7.322963538;0.994686695;3.405166652;75.30607513;388.5384949;263580
1994-8;9972.017289;71.8011;7.374083275;0.998770715;3.316773242;79.9865154;394.907104;263871
1994-9;9935.092609;72.0617;7.361610656;0.995883403;3.191656463;61.08117234;379.6571747;264159
1994-10;10030.53458;72.6829;7.382943665;0.998301691;3.158619553;55.02436138;380.0187405;264430
1994-11;10023.34284;73.1379;7.270881273;1.004217286;3.236753638;66.45219064;320.1211127;264681
1994-12;10103.22574;73.8818;7.351106465;1.003103907;3.223764697;67.51896577;316.1721942;264924
1995-1;10129.23471;74.0142;7.287872152;1.000884385;3.215996224;68.26925942;327.5531561;265157
1995-2;10040.10191;73.9247;7.44899334;0.998898812;3.244059546;70.18393521;388.3428812;265383
1995-3;10090.78947;74.0284;7.45445042;0.998933055;3.214913719;66.23346368;336.3633167;265625
1995-4;10075.01462;74.014;7.492339385;0.992758353;3.205739881;62.2467653;398.7613927;265877
1995-5;10099.0834;74.2239;7.548194119;0.99610598;3.22091797;51.93712337;403.2749773;266134
1995-6;10191.77461;74.4807;7.577691735;1.001788371;3.239018515;49.13874972;389.596657;266414
1995-7;10149.82981;74.1902;7.548020492;0.991070896;3.080673783;59.06057697;384.1965105;266700
1995-8;10196.61411;75.1211;7.811072406;0.987567372;3.048771404;51.05324255;379.804365;266998
1995-9;10279.41489;75.4216;7.619051048;0.997480742;3.064588607;85.06326029;390.2885394;267304
1995-10;10253.03777;75.3448;7.550121153;1.009123452;3.045216679;83.57720915;340.8806665;267585
1995-11;10252.31726;75.531;7.722228765;0.99872277;3.058195779;76.59619406;430.7058146;267829
1995-12;10338.2099;75.8317;7.736427726;0.998631358;3.241626628;69.91997819;462.2837218;268047
1996-1;10327.07432;75.3347;7.801732819;0.999807841;3.364410607;70.07895424;422.912682;268258
1996-2;10331.22051;76.5148;8.017955417;1.001434016;3.371273988;66.71676135;405.0389902;268480
1996-3;10387.8349;76.4339;7.894346821;0.999678805;3.538120776;66.34848107;482.6659452;268724
1996-4;10537.44782;77.1163;7.748974867;1.003621905;3.62335451;76.59690801;377.5414906;268980
1996-5;10496.09175;77.695;7.854485053;0.999661854;3.497360686;82.12405058;386.5359881;269247
1996-6;10554.61764;78.3435;7.783352249;0.993208794;3.45853642;90.37829459;379.1234859;269527
1996-7;10598.39528;78.208;7.617742444;0.999358341;3.580104731;117.5257866;385.3503386;269822
1996-8;10614.9417;78.6658;7.729218563;0.998947941;3.555940663;86.27652276;377.4251399;270130
1996-9;10666.74484;79.1997;7.61852675;0.992997513;3.481281593;37.75575304;384.591347;270433
1996-10;10748.81895;79.1389;7.938638774;1.001226665;3.596102724;61.73243219;383.7470617;270730
1996-11;10761.93463;79.8221;7.980669323;0.987844436;3.717250482;65.25174665;454.8240933;271002
1996-12;10706.07294;80.3307;7.764358078;0.99155725;4.092213164;65.20308385;351.2604447;271243
1997-1;10714.25784;80.4255;7.880958909;0.994567664;4.187874932;66.04637108;406.4470889;271472
1997-2;10879.98326;81.4045;7.773737572;0.993511997;3.677874474;67.74425848;358.955141;271703
1997-3;10868.15831;81.9717;7.694824262;0.994616594;3.443589421;71.54483768;314.3836831;271952
1997-4;10972.83704;82.0209;7.908194903;0.992939815;3.208686513;68.05244096;424.1509269;272213
1997-5;10937.31876;82.5095;7.848353816;0.99236958;3.329842803;132.7759421;416.5547525;272482
1997-6;11041.94418;82.9253;7.767313714;0.995698711;3.295225263;66.56785778;379.3851538;272767
1997-7;11087.57191;83.5464;7.931411039;0.995427932;3.281032432;29.67737794;378.7328262;273074
1997-8;11119.40119;84.434;7.736585219;0.996805309;3.384600251;72.43715773;380.7056246;273395
1997-9;11164.62573;85.1978;7.893889457;0.992581754;3.361184131;113.5342551;375.2722519;273703
1997-10;11195.99159;85.9177;8.005779301;0.989499018;3.473058229;70.48790622;376.3566401;273989
1997-11;11172.35089;86.6748;7.982418558;0.990429119;3.43076667;65.07870928;420.3243269;274249
1997-12;11262.23934;86.9454;7.945669007;0.988111082;3.198354211;65.85801345;395.4901473;274499
1998-1;11205.07819;87.3838;7.703752886;0.993328633;2.992054282;65.66350606;241.6573436;274732
1998-2;11358.91864;87.482;7.710132818;0.99472512;2.971680064;65.53266133;328.1864577;274943
1998-3;11399.30679;87.552;7.87585957;0.995746848;2.901911889;64.41258817;348.6727302;275175
1998-4;11383.54657;87.854;7.887226852;0.993396321;2.86488997;58.95679091;356.020852;275434
1998-5;11406.32832;88.4226;7.935874119;0.99268576;2.777575294;44.4234526;342.271433;275700
1998-6;11502.84034;87.8558;8.009571998;0.995061863;2.729813771;24.14679077;383.5953031;275976
1998-7;11496.24248;87.5421;8.087876165;0.995232183;2.724398433;81.13536455;368.5657756;276266
1998-8;11547.51845;89.3341;8.014089351;0.992508685;2.579632184;122.8657997;366.32004;276566
1998-9;11697.40834;89.1794;8.09517313;0.995477867;2.640346339;48.82612481;342.9332236;276859
1998-10;11753.44351;89.8907;7.929027413;1.003283061;2.579737408;57.40057028;340.3985933;277140
1998-11;11791.44351;89.8458;7.776742869;1.003206306;2.594860589;62.11552411;315.8894798;277402
1998-12;11766.51395;90.1893;7.851956685;1.00218588;2.406046518;65.45472093;310.2783506;277658
1999-1;11802.21896;90.6043;7.982173324;1.0050473;2.503324729;66.37530615;334.6016833;277891
1999-2;11865.90421;91.0816;7.927619706;1.004843768;2.511678567;65.67882291;348.4561276;278095
1999-3;11925.26479;91.235;8.055373262;1.005602601;2.643343902;64.20988262;387.0136707;278324
1999-4;11929.68659;91.4677;8.030164033;0.991543439;2.87319403;60.19816263;353.8714354;278584
1999-5;11980.26387;92.1525;7.979659968;0.994600026;2.990438498;54.5252233;370.974291;278859
1999-6;11977.11538;92.0042;8.080841819;1.000386829;3.045247629;35.52090515;367.0333899;279148
1999-7;12095.11434;92.5769;8.162891444;0.998546397;3.226441585;17.01961718;365.9042613;279448
1999-8;12085.67452;92.9517;8.136694236;1.003071564;3.498650157;11.86027378;371.6178759;279752
1999-9;12157.92018;92.5954;8.085547207;1.002606887;3.432016418;55.63090291;371.1886229;280053
1999-10;12237.15702;93.8128;8.060763893;1.004836944;3.545294525;104.2823702;357.9027477;280337
1999-11;12310.63296;94.2587;7.928718636;1.006770538;3.617011766;66.38071514;253.0530336;280594
1999-12;12421.488;94.9777;8.039340341;1.012126631;3.904052918;65.2459274;353.1445289;280846
2000-1;12294.89493;94.9864;8.001853639;0.993322959;3.927377497;64.69362983;365.6839036;281083
2000-2;12354.84348;95.2576;8.51496261;0.993202075;4.158674807;66.73466441;330.0394911;281299
2000-3;12426.92382;95.6407;7.990231831;0.995116134;4.235917537;65.75463241;234.5260039;281531
2000-4;12582.96336;96.3318;8.052538465;0.995266502;3.920038919;74.78298023;375.8930528;281763
2000-5;12578.28211;96.5139;8.419943723;0.998043101;4.186832899;86.32736485;341.6448948;281996
2000-6;12615.64548;96.5856;8.29988455;0.994191814;4.602178292;96.19200802;362.3591882;282247
2000-7;12527.81315;96.4624;8.023407283;0.99889293;4.555403119;13.30086001;371.2087424;282504
2000-8;12645.38396;96.1414;8.279738189;0.997619444;4.661214756;62.99466025;368.8572116;282769
2000-9;12648.81372;96.5318;8.187674307;0.997858316;4.847247346;53.8559498;378.9690869;283033
2000-10;12697.28085;96.2532;8.110344045;0.990367601;4.839961095;55.61078228;327.4110885;283285
2000-11;12688.91848;96.2769;8.271729626;0.991400686;5.181720403;63.73382182;459.3209523;283523
2000-12;12651.00547;96.0165;8.509444016;1.005237263;6.061485688;66.39273342;583.2988254;283748
2001-1;12662.67645;95.3542;8.234616114;0.989693452;5.571928027;67.25078966;415.2994959;283960
2001-2;12635.54521;94.7736;8.149020512;0.988230482;4.933674545;68.06461808;390.4219915;284166
2001-3;12630.95274;94.5456;8.143549308;0.987150816;4.509746488;68.89516404;403.6578453;284380
2001-4;12693.65682;94.3111;8.033123105;0.987505424;4.430740051;63.97635716;347.9480635;284602
2001-5;12761.00241;93.6876;7.988568469;0.985356005;4.198750759;118.995157;337.869973;284834
2001-6;12675.58313;93.1114;7.924327277;0.985057652;4.056600906;88.7664107;361.2444642;285076
2001-7;12642.01309;92.586;7.96138478;0.98445321;3.865270098;20.17802093;366.4387437;285324
2001-8;12773.11218;92.4101;8.044618185;0.982600309;3.82439582;70.21737195;361.9764874;285584
2001-9;12594.47425;92.0924;7.907677126;0.987232196;3.503555719;70.28434214;379.6732525;285842
2001-10;12693.62543;91.6854;8.098210946;0.989542242;3.347449168;86.66163843;347.8498483;286086
2001-11;12614.84669;91.2155;7.852520771;0.993350246;3.190693464;68.41658888;259.7231976;286315
2001-12;12806.85332;91.2654;7.655293572;0.989917051;3.127442847;68.72835757;289.0185989;286533
2002-1;12852.1492;91.7848;7.846607903;0.996162133;3.167283207;67.93882767;274.5674294;286739
2002-2;12776.96066;91.8034;7.897355431;0.992803456;3.270102071;68.32617945;323.6390544;286935
2002-3;12837.18188;92.5295;8.02253544;0.989559193;3.620887835;65.42154072;374.9103809;287131
2002-4;12881.37257;92.9204;8.182492141;0.988422536;3.922525095;72.26214592;338.662888;287343
2002-5;12872.11734;93.2998;8.176750366;0.990137576;3.939310861;59.42350555;406.651247;287571
2002-6;12925.03881;94.1905;8.194033642;0.988176242;3.814367423;71.05632702;355.9952307;287808
2002-7;12988.62342;93.9664;8.249770043;0.987724893;3.892125905;70.88709407;360.9722874;288051
2002-8;12926.27553;93.9897;8.101663131;0.987881303;3.920285068;36.04862151;363.9002677;288303
2002-9;12951.81935;94.1275;8.185712411;0.984436701;4.13317984;72.89431314;347.6525442;288554
2002-10;12910.86721;93.7988;8.193608302;0.984060352;4.28552642;55.07530076;391.3516999;288794
2002-11;12954.24134;94.2885;8.318486557;0.988512963;4.263720904;72.43880119;423.8804191;289012
2002-12;13026.20206;93.8334;8.163185877;0.986009768;4.579771591;69.47849163;399.1237175;289214
2003-1;12993.64761;94.3584;8.213482178;0.983961986;4.979575879;75.24060719;441.2537887;289412
2003-2;13073.02668;94.6468;8.418692534;0.990717853;6.007228848;70.56529068;442.8619401;289606
2003-3;13026.44043;94.4394;8.060614632;0.982762879;5.003155671;70.86493104;330.4458619;289809
2003-4;13112.59364;93.764;8.112221993;0.981513112;4.502905233;65.72312525;407.45093;290024
2003-5;13099.65272;93.7793;8.018810308;0.98307796;4.541644716;63.89242537;383.8917113;290250
2003-6;13243.84683;93.9277;7.888447081;0.975425705;4.727213067;66.15842132;374.7620337;290484
2003-7;13303.95232;94.3114;8.080305755;0.979695114;4.675852866;118.4318583;362.6258981;290726
2003-8;13365.98382;94.138;8.151057317;0.97888687;4.611188269;88.12696286;359.7041449;290974
2003-9;13446.98555;94.7363;8.125904299;0.979230347;4.324841189;102.5954184;372.349607;291222
2003-10;13470.03952;94.8514;8.178955664;0.981623073;4.464109091;117.1087554;351.0895859;291463
2003-11;13551.41832;95.6337;8.129689595;0.976189928;4.574858846;68.82376807;352.2797932;291677
2003-12;13564.46442;95.5638;8.253822325;0.979308712;5.037221011;71.30665385;368.0226104;291868
2004-1;13503.22307;95.7472;8.340418937;0.980974369;5.132567655;68.84659904;463.6253198;292046
2004-2;13617.43605;96.3214;8.732094926;0.987248475;5.130973135;72.23161664;395.7185439;292230
2004-3;13698.55754;95.8684;8.130853742;0.984090135;4.990630521;81.91289008;250.792283;292434
2004-4;13671.34798;96.2677;8.256675722;0.983139254;5.12641708;78.97280626;360.1479045;292651
2004-5;13770.19026;97.0723;8.324557693;0.980848448;5.39586704;80.01456755;323.4563627;292872
2004-6;13677.01993;96.2562;8.231225511;0.9817353;5.287946993;67.60257812;371.0338265;293103
2004-7;13815.12661;97.0032;8.196882318;0.982092356;5.383127465;58.77490658;367.0839483;293350
2004-8;13834.05147;97.0723;8.086244929;0.98232663;5.442566955;57.76587925;373.3438005;293603
2004-9;13843.11172;97.1565;8.373471001;0.982688151;5.546640376;63.682188;356.3477883;293857
2004-10;13939.43857;98.0701;8.342425457;0.983381372;6.269472169;59.22785374;347.9158349;294104
2004-11;13943.72151;98.2541;8.346667513;0.980774217;6.038071844;67.69803511;363.404548;294337
2004-12;13967.76276;98.9703;8.454906783;0.980915819;5.668104727;70.84544868;373.1694353;294561
2005-1;14106.45489;99.417;8.304677184;0.980004118;5.781382262;69.85345316;351.4843073;294768
2005-2;14066.8987;100.0955;8.277874101;0.981794404;6.038607619;71.82332192;300.4847042;294955
2005-3;14123.82239;99.9283;8.418241569;0.97884383;6.442447412;67.08961057;402.8588141;295149
2005-4;14165.09384;100.0742;8.208977603;0.976903033;6.413884131;70.72467627;361.4748833;295359
2005-5;14118.86898;100.2414;8.306231126;0.98176602;6.023862878;72.15482957;400.0330653;295582
2005-6;14234.09252;100.6437;8.426050473;0.979327666;6.571136648;30.32297951;361.7764389;295824
2005-7;14271.5086;100.3278;8.386636792;0.979669166;6.882992825;98.75471996;362.5890869;296077
2005-8;14317.11068;100.5151;8.424270574;0.980150837;7.749024599;75.27949894;359.4232786;296338
2005-9;14286.54061;98.6063;8.306351186;0.969814905;8.595762069;13.1509554;346.8416624;296606
2005-10;14300.21493;99.8695;8.159931974;0.963841448;8.604965003;66.32629493;331.1963433;296857
2005-11;14360.36841;100.9014;8.233849716;0.971368232;7.717049606;72.67311614;336.7488435;297089
2005-12;14459.64518;101.4873;8.482744029;0.979679335;8.457601553;69.59898423;426.9626725;297311
2006-1;14502.80391;101.6088;7.957015703;0.972710115;7.917527403;70.89710226;181.86693;297526
2006-2;14505.34464;101.6839;8.194905254;0.968088277;7.452184242;69.66426469;357.6556433;297734
2006-3;14630.10291;101.8522;8.313869938;0.965996311;7.117142386;66.46418961;361.864227;297950
2006-4;14554.36633;102.2952;8.211666771;0.967460288;7.506253817;65.92848262;318.5951516;298170
2006-5;14615.86437;102.1531;8.334508146;0.965673871;7.287570546;77.47482292;354.5258968;298401
2006-6;14598.48859;102.522;8.378249251;0.968242009;7.159422274;123.1609054;358.1185564;298653
2006-7;14553.69768;102.5057;8.455804861;0.962683656;7.251261367;155.0332885;361.8029486;298910
2006-8;14595.40707;102.8357;8.461549968;0.965304973;7.497732416;29.55961252;364.5427992;299178
2006-9;14658.83404;102.6606;8.307605534;0.969227538;6.632884587;56.36471307;391.4102717;299452
2006-10;14671.61842;102.6297;8.4233928;0.964027326;6.543445741;61.88358599;396.3516618;299710
2006-11;14751.13623;102.539;8.342295932;0.962801311;7.004112786;72.03869169;336.1159667;299950
2006-12;14728.05459;103.6229;8.107887848;0.966112448;7.160812909;71.42064451;250.0248536;300178
2007-1;14700.0798;103.1171;8.256170668;0.963838857;6.822799518;70.48553913;328.7461125;300398
2007-2;14783.60152;104.172;8.669339634;0.966701318;7.423637149;69.87236768;480.7173921;300608
2007-3;14694.39397;104.3501;8.320141368;0.960238909;7.108946247;74.49941978;264.6209456;300823
2007-4;14826.10795;105.0975;8.449847573;0.958826614;7.227082226;74.56950935;418.5025014;301045
2007-5;14845.98652;105.1436;8.42045887;0.961177741;7.144469156;75.32656877;330.5766211;301278
2007-6;14843.97126;105.1474;8.317571891;0.958756044;7.107096588;67.04707449;361.1302099;301528
2007-7;14838.34471;105.1149;8.304005466;0.962541023;7.190577835;78.39366797;365.9904406;301790
2007-8;14975.05424;105.3166;8.562252055;0.956531745;7.207551814;83.64974182;363.1708239;302064
2007-9;15002.15964;105.6629;8.488655246;0.955697212;7.749643003;24.41930082;356.4203477;302334
2007-10;14940.51709;105.1595;8.370356249;0.958822597;8.473023183;68.79070344;265.5743342;302590
2007-11;14998.33717;105.729;8.380225185;0.958520327;9.190551222;70.03505999;376.6751106;302834
2007-12;15036.48003;105.7256;8.32020608;0.959431052;9.296828177;70.78088735;350.7492827;303062
2008-1;15026.44501;105.4069;8.35557559;0.955105943;9.807785458;68.33765708;364.6734705;303280
2008-2;14785.80653;105.054;8.570557846;0.950428503;9.976220246;69.66331556;377.2942269;303494
2008-3;14856.31077;104.7987;8.363136072;0.942272838;10.33957732;70.84406319;387.7622525;303707
2008-4;14870.28053;104.0207;8.372317031;0.941424479;10.65150498;72.50770476;369.9502305;303926
2008-5;14891.63408;103.4941;8.32982798;0.944842515;11.39998861;64.81231642;404.3424105;304157
2008-6;15127.93039;103.3216;8.254917547;0.939204673;11.93419629;91.31929529;362.8874263;304396
2008-7;14977.32667;102.7625;8.227385999;0.938503091;11.59048258;71.0105333;365.2888051;304646
2008-8;14905.86696;101.2245;7.954619298;0.935533605;10.31168241;87.65666186;369.6462014;304903
2008-9;14791.45659;96.8689;7.845273113;0.921399999;9.603917101;85.98471674;363.1502057;305158
2008-10;14641.45967;97.7617;8.188008126;0.946713925;8.122655796;92.13288123;365.2388064;305403
2008-11;14669.04978;96.5572;8.106517277;0.936557789;6.673930359;73.98664946;383.1760347;305620
2008-12;14420.22955;93.7183;8.035949041;0.941566098;5.477465784;69.28259653;375.7828993;305827
2009-1;14404.2624;91.5058;8.078203981;0.944822338;5.428820737;70.47831036;423.11201;306035
2009-2;14365.75632;90.934;7.788845067;0.948907705;5.293709904;67.62619185;343.6233789;306237
2009-3;14355.00244;89.5012;7.878831035;0.947968387;5.510772901;64.94382517;368.1943175;306438
2009-4;14351.44646;88.7058;7.868109753;0.948048161;5.404902596;66.02919548;379.3196622;306645
2009-5;14366.83971;87.7758;7.691815201;0.949531879;5.824553396;107.4402726;353.6539585;306863
2009-6;14348.25727;87.4125;7.741424088;0.952388882;6.289091995;40.93202446;374.3415586;307090
2009-7;14347.46626;88.3209;7.651930201;0.954116924;6.016168522;106.9504336;371.3795199;307322
2009-8;14434.09846;89.2996;7.73435616;0.946651439;6.334431014;64.08712631;367.9887225;307570
2009-9;14425.89281;89.9908;7.78365131;0.946536564;6.58068105;109.2210201;367.9214841;307826
2009-10;14594.07968;90.2527;7.884023035;0.942346406;7.173318174;56.77072284;415.0346608;308071
2009-11;14559.65624;90.6331;7.714452836;0.947564248;7.308344696;69.44579683;288.3167477;308289
2009-12;14472.10993;90.8895;8.061032135;0.936094909;7.639420368;68.0775631;422.3500756;308495
2010-1;14548.18374;91.9065;8.029744909;0.929112491;7.983162073;68.21009457;397.146006;308706
2010-2;14581.58534;92.2135;8.094432182;0.92949644;7.756721282;67.39686407;459.3475498;308904
2010-3;14684.64266;92.8133;8.036773833;0.938976641;7.441225202;66.066796;350.238464;309095
2010-4;14722.10241;93.1984;7.903381957;0.948052019;7.443879997;61.92388488;315.7846371;309279
2010-5;14741.43292;94.6492;8.104994456;0.935847376;6.781119163;52.02214559;360.7944822;309457
2010-6;14774.35776;94.8328;8.198203009;0.935310597;6.826888979;53.64046532;358.494171;309643
2010-7;14830.13884;95.2539;8.154482506;0.93630246;6.833664891;39.7780677;359.8006536;309847
2010-8;14824.09666;95.6092;8.168853264;0.934947862;6.954128829;24.58325828;359.6148434;310060
2010-9;14882.24462;95.8794;8.180042366;0.940198023;7.07654408;45.42951125;357.5222785;310280
2010-10;14944.69619;95.6362;7.891370694;0.947098679;7.305190587;59.20298983;324.6832597;310488
2010-11;14895.51663;95.7002;8.024282773;0.938419511;7.571043697;65.5194815;360.658471;310677
2010-12;14976.94806;96.4959;8.398076907;0.928505927;8.009455791;68.96631069;457.870448;310858
2011-1;14835.89365;96.4283;8.183337567;0.929495625;8.284705898;67.26613189;425.3261194;311023
2011-2;14801.3894;96.0111;8.014427495;0.939275428;8.373309031;69.16343676;388.1631801;311173
2011-3;15006.74699;96.8407;8.171358412;0.942563119;8.7320313;69.34060567;385.289171;311333
2011-4;15047.1967;96.4337;8.064820085;0.931036533;9.087534117;68.20610385;358.0633834;311502
2011-5;14993.47874;96.6227;7.985429658;0.930402821;8.792031119;51.93637497;379.7161549;311678
2011-6;14928.31528;96.8573;8.083293358;0.934999951;8.632718001;33.63313655;363.6346227;311872
2011-7;15008.9681;97.3169;8.12544493;0.924699852;8.442783991;39.22392042;357.1720397;312077
2011-8;15087.0812;97.7956;8.136155924;0.932243462;8.152581172;61.26427027;355.942447;312292
2011-9;14967.80955;97.7474;8.038484501;0.935405635;8.419605645;66.13179918;357.5710672;312509
2011-10;15251.45474;98.4096;7.96973727;0.939110002;8.50551701;69.8162433;349.8586758;312708
2011-11;15173.18225;98.281;7.966500845;0.946252679;9.026695128;67.2600926;304.3456795;312889
2011-12;15146.69335;98.6739;7.840471746;0.941616576;8.967376334;71.10525134;294.0545939;313064
2012-1;15229.42323;99.3787;7.645574329;0.954419336;8.913472496;72.66973993;236.2057295;313227
2012-2;15385.38349;99.6578;7.870341904;0.966149849;9.018462123;70.89553928;268.7992007;313383
2012-3;15258.62334;98.9579;7.499100068;0.963572004;8.806499066;68.37339858;184.5637433;313546
2012-4;15341.55051;99.8396;7.766630978;0.939095829;8.24541966;71.15382618;334.5643698;313710
2012-5;15357.37867;100.0042;8.056879093;0.927852618;7.91516261;78.79168816;324.5618478;313883
2012-6;15388.66367;100.0318;8.004045344;0.928482381;7.295247172;58.48422804;355.4983616;314072
2012-7;15432.86835;100.3132;8.064978321;0.914889935;7.248795399;38.97361354;351.7294582;314272
2012-8;15319.24737;99.8389;8.012252986;0.929647545;7.683933233;136.8192658;351.486847;314489
2012-9;15390.61159;99.9599;7.844711705;0.918783942;7.908395665;98.67783818;357.6966332;314703
2012-10;15295.14053;100.2146;7.974045717;0.924737249;8.017447526;75.44010376;360.2075049;314905
2012-11;15361.68414;100.7651;7.904039839;0.922854289;8.068412595;72.46401961;368.2104624;315092
2012-12;15496.34347;101.0382;7.72062675;0.930283088;8.142236154;72.32060697;286.5000511;315258
2013-1;15560.84815;100.9614;7.921272454;0.941432994;8.641261429;70.97020965;305.0654624;315400
2013-2;15433.99253;101.4781;7.88174186;0.935891358;8.488627293;72.76694935;366.3082232;315535
2013-3;15481.07364;101.6302;8.169618081;0.914166758;8.243711509;74.87716299;461.7880351;315682
2013-4;15528.05625;101.5825;8.151968369;0.917576559;8.129693927;79.63073112;387.5907252;315841
2013-5;15454.47339;101.6016;8.039160086;0.933207157;8.124244726;86.43114682;361.0763729;316016
2013-6;15582.44199;101.8221;7.957075855;0.928956029;7.93583286;98.0550515;349.3887804;316202
2013-7;15606.57;101.2443;8.015586786;0.937155879;8.079703986;107.1341035;348.9205541;316405
2013-8;15671.42753;101.9928;7.945828723;0.932268019;8.268561621;61.71913842;350.5381704;316627
2013-9;15646.34958;102.4847;8.086737801;0.933311454;8.273219659;42.89207856;353.1041782;316846
2013-10;15733.23603;102.4287;8.114114176;0.92987891;7.990919682;44.06676474;360.5963488;317055
2013-11;15840.40911;102.7732;8.237748687;0.927693081;7.809925025;74.9640216;396.8972349;317248
2013-12;15808.55481;102.9513;8.367210643;0.90739043;8.099303233;76.73740062;434.6407187;317429
2014-1;15704.73961;102.4621;8.424202666;0.911908227;8.336915328;80.9674937;445.7574385;317598
2014-2;15759.84818;103.2919;8.261962596;0.910998535;8.878823566;77.44875016;427.809703;317758
2014-3;15776.99375;104.0896;8.284370444;0.904157453;8.432467587;77.92918258;481.4108294;317924
2014-4;15831.15554;104.2409;8.198011263;0.922230939;8.333058106;82.02528623;360.7968277;318098
2014-5;15913.26958;104.6541;8.10363637;0.922578301;8.000899412;102.4585077;350.7927182;318284
2014-6;15958.41901;105.1223;8.019444975;0.9278984;8.150088864;84.47678053;352.6822598;318479
2014-7;16047.69324;105.2073;7.975102189;0.937203485;7.869327458;126.6041281;352.5739241;318692
2014-8;16152.2735;105.1989;8.001781791;0.93227662;7.668394099;77.24092019;349.1108138;318921
2014-9;16083.90263;105.575;8.100444774;0.93309052;7.431844;96.47867437;350.8915728;319149
2014-10;16140.94503;105.6441;8.156641283;0.939125071;7.045704506;100.118692;326.7885442;319367
2014-11;16224.89268;106.6868;8.295407044;0.924037172;6.809036391;83.80314595;438.3681982;319561
2014-12;16194.81493;106.5182;8.16599673;0.936971298;6.137696898;77.3054951;321.8871773;319742
2015-1;16245.23431;105.9906;8.14333262;0.935030444;5.128621247;79.09348479;364.108379;319904
2015-2;16330.05989;105.8576;8.400718637;0.92684782;5.07469006;81.38029161;493.500568;320053
2015-3;16232.00831;105.515;8.133238497;0.937922243;5.017190883;90.85896927;382.2556693;320215
2015-4;16324.86169;105.2732;8.074523371;0.940942276;5.176271652;79.93487851;333.8294995;320390
2015-5;16357.89324;105.0259;8.12050153;0.936963764;5.263337313;60.39475267;340.2485664;320574
2015-6;16440.02783;104.8599;8.185165466;0.936399704;5.283192809;129.4171753;349.8381644;320769
2015-7;16380.43011;105.4755;8.20859884;0.939348731;4.866436232;68.5628659;347.5070821;320982
2015-8;16426.88274;105.5783;8.129673854;0.942401398;4.499560278;108.3746421;345.4208206;321205
2015-9;16557.55171;105.3072;8.143895825;0.936408741;4.36751869;100.5014357;325.8739017;321428
2015-10;16453.97187;105.1649;8.018222485;0.942049845;4.311846136;108.6671896;336.8047299;321641
2015-11;16491.19;104.4871;7.748145215;0.95437914;4.312153038;77.94499479;269.4495987;321834
2015-12;16527.00631;104.0452;7.772091668;0.969579259;4.114117904;81.73255018;202.8542623;322020
2016-1;16538.1644;104.5495;7.940633336;0.952302165;3.774693081;78.3227237;340.086388;322196
2016-2;16453.96629;104.414;8.070073503;0.97398385;3.601260887;83.97804982;252.8229736;322353
2016-3;16583.0042;103.4255;7.673047504;0.985165447;3.94281212;77.01179789;247.1186162;322513
2016-4;16657.50575;103.8385;8.026507322;0.954579542;4.015225671;84.30956755;345.0539192;322685
2016-5;16528.79207;103.6937;8.061339415;0.946702145;4.064974498;70.58371233;370.9047176;322867
2016-6;16563.23277;104.2222;8.261241704;0.935474999;4.323083432;117.7058062;348.3624918;323061
2016-7;16652.68654;104.5417;8.290944605;0.928601454;4.166223369;86.31272496;347.2990109;323265
2016-8;16727.51573;104.4537;8.374953898;0.931719936;4.260243887;80.44945836;339.1703413;323473
2016-9;16801.86492;104.2429;8.254183004;0.937930511;4.302324973;29.97634741;332.0395277;323680
2016-10;16724.05449;104.3185;8.061731213;0.944709514;4.526333373;56.48058405;308.2332028;323876
